{
    "baseline_mm": 9306.400390625,
    "focal_length_mm": 313.579345703125,
    "pixel_size_mm": 0.006000000052154064
}